{
    "Model": [
        "Linear",
        "KNN",
        "Tree Decision"
    ],
    "RMSE Train": [
        64127.65190123718,
        44368.028048132284,
        32045.310232257827
    ],
    "RMSE test": [
        63838.5166800019,
        47629.81730667672,
        48164.17891217472
    ],
    "Mean RMSE": [
        63983.08429061954,
        45998.9226774045,
        40104.744572216274
    ]
}